insert into USERS(Register_id,Name,User_ssn, User_name, User_gender, User_birthday, Password, User_address, User_Phone1, User_Phone2, USER_CODE) values (1,'Curcio','294-45-0507', 'Curcio Frossell', 'Female', TO_DATE('1/1/2008','DD-MM-YYYY'), '6yQXpfVZbqYD', '227:43cd:590e:902a:7957:993e:54c1:faeb', '+51 722 581 2675', '+48 710 977 8230', 'A0000');
insert into USERS(Register_id,Name,User_ssn, User_name, User_gender, User_birthday, Password, User_address, User_Phone1, User_Phone2, USER_CODE) values (2,'Verney','239-92-3163', 'Verney McCarle', 'Female', TO_DATE('5/2/2017','DD-MM-YYYY'), 'eCUwcU', '4c05:a341:a86b:a634:9d5c:943:4baa:dac8', '+48 917 267 8721', '+358 922 888 6311', 'R0001');
insert into USERS(Register_id,Name,User_ssn, User_name, User_gender, User_birthday, Password, User_address, User_Phone1, User_Phone2, USER_CODE) values (3,'Auroora','201-50-4136', 'Auroora Sikora', 'Female', TO_DATE('7/6/2014','DD-MM-YYYY'), 'JCvyWkuxl', 'ea3c:1aae:e3e2:b54c:7ff1:afca:53fc:453c', '+1 663 692 9481', '+261 987 295 8736', 'R0002');
insert into USERS(Register_id,Name,User_ssn, User_name, User_gender, User_birthday, Password, User_address, User_Phone1, User_Phone2, USER_CODE) values (4,'Montague','292-18-0211', 'Montague Cundey', 'Male', TO_DATE('12/7/2014','DD-MM-YYYY'), 'AC3BanDOhF', '9f11:3f4:5fe0:730f:bd39:3edc:3200:2c98', '+86 318 257 7583', '+86 984 907 8739', 'R0003');
insert into USERS(Register_id,Name,User_ssn, User_name, User_gender, User_birthday, Password, User_address, User_Phone1, User_Phone2, USER_CODE) values (5,'Miner','405-28-5375', 'Miner Bagley', 'Female', TO_DATE('1/2/2008','DD-MM-YYYY'), 'BaYsXBHMS', '2723:bb70:5e4f:2874:1b53:9f74:eb06:bf68', '+54 314 868 0336', '+380 112 223 9634', 'C0001');
insert into USERS(Register_id,Name,User_ssn, User_name, User_gender, User_birthday, Password, User_address, User_Phone1, User_Phone2, USER_CODE) values (6,'Myrtia','478-77-1145', 'Myrtia Chason', 'Male', TO_DATE('9/8/2001','DD-MM-YYYY'), 'YHczOuw7p', '8325:f176:4788:ee87:445f:b565:30cc:d413', '+62 450 628 6013', '+256 983 869 0085', 'C0002');
insert into USERS(Register_id,Name,User_ssn, User_name, User_gender, User_birthday, Password, User_address, User_Phone1, User_Phone2, USER_CODE) values (7,'Rene','571-51-0776', 'Rene Lghan', 'Male', TO_DATE('10/7/2015','DD-MM-YYYY'), 'J3Tn4kWNFtq', '92a:42df:9779:e3d6:7f16:b979:f212:5668', '+7 919 592 9100', '+86 784 631 2079', 'C0003');
insert into USERS(Register_id,Name,User_ssn, User_name, User_gender, User_birthday, Password, User_address, User_Phone1, User_Phone2, USER_CODE) values (8,'Cherish','219-17-8646', 'Cherish Bailie', 'Female', TO_DATE('9/12/2005','DD-MM-YYYY'), 'ZNkNHZ', 'e91d:7a2a:b6df:bbe0:c2db:4368:585a:a3a3', '+226 557 563 4645', '+63 544 726 9666', 'C0004');
insert into USERS(Register_id,Name,User_ssn, User_name, User_gender, User_birthday, Password, User_address, User_Phone1, User_Phone2, USER_CODE) values (9,'Wallis','181-41-0510', 'Wallis Hammor', 'Male', TO_DATE('6/5/2006','DD-MM-YYYY'), '7oSeFd', '450:202:3001:b57:6448:dd10:4a3b:3849', '+375 979 941 1689', '+30 767 385 6056', 'C0005');
insert into USERS(Register_id,Name,User_ssn, User_name, User_gender, User_birthday, Password, User_address, User_Phone1, User_Phone2, USER_CODE) values (10,'Francisco','755-62-2707', 'Francisco Hurworth', 'Male', TO_DATE('7/1/2008','DD-MM-YYYY'), 'gFGWjCa', '7313:c0c5:a85:82ef:789f:49f9:c862:1bd2', '+63 717 746 9185', '+62 698 559 3109', 'C0006');
insert into USERS(Register_id,Name,User_ssn, User_name, User_gender, User_birthday, Password, User_address, User_Phone1, User_Phone2, USER_CODE) values (11,'Amandy','133-23-5332', 'Amandy O''Mohun', 'Male', TO_DATE('4/4/2018','DD-MM-YYYY'), '0sVmmeC', '49a6:f3d8:a391:42f1:9aab:de09:3cff:2be4', '+63 524 296 4933', '+58 215 142 0296', 'M0001');
insert into USERS(Register_id,Name,User_ssn, User_name, User_gender, User_birthday, Password, User_address, User_Phone1, User_Phone2, USER_CODE) values (12,'Loydie','777-80-0177', 'Loydie Jillis', 'Female', TO_DATE('8/2/2007','DD-MM-YYYY'), 'RyNg1z', '4302:dc78:53b4:eeea:c90f:9e56:657e:de15', '+27 119 277 7954', '+62 135 909 5117', 'M0002');
insert into USERS(Register_id,Name,User_ssn, User_name, User_gender, User_birthday, Password, User_address, User_Phone1, User_Phone2, USER_CODE) values (13,'Lucien','100-01-1605', 'Lucien Ingliby', 'Male', TO_DATE('7/5/2007','DD-MM-YYYY'), 'g6gA0K', 'f953:f047:fcae:4a0a:4708:7477:ecb5:23b9', '+86 147 846 6319', '+972 310 706 4172', 'M0003');
insert into USERS(Register_id,Name,User_ssn, User_name, User_gender, User_birthday, Password, User_address, User_Phone1, User_Phone2, USER_CODE) values (14,'Wiley','818-92-3219', 'Wiley Marquis', 'Female', TO_DATE('3/6/1999','DD-MM-YYYY'), 'r2wKgyoS4', 'dcfb:46b2:3416:96a8:6d9e:9bde:6291:c249', '+62 110 639 9418', '+374 235 326 4822', 'M0004');
insert into USERS(Register_id,Name,User_ssn, User_name, User_gender, User_birthday, Password, User_address, User_Phone1, User_Phone2, USER_CODE) values (15,'Audra','790-56-5562', 'Audra Touhig', 'Male', TO_DATE('3/1/2006','DD-MM-YYYY'), 'oBPNwsJyyhdE', '69fe:abd8:424:5619:a5ed:bd0c:ff4:d77a', '+86 341 206 1387', '+351 826 341 6863', 'M0005');
insert into USERS(Register_id,Name,User_ssn, User_name, User_gender, User_birthday, Password, User_address, User_Phone1, User_Phone2, USER_CODE) values (16,'Pauline','294-77-2237', 'Pauline Hagston', 'Female', TO_DATE('6/7/2012','DD-MM-YYYY'), 'q6QsJIg', '56c5:fffb:a0c4:8c70:7c9d:732b:75ee:e6c7', '+62 165 442 8563', '+81 365 590 9437', 'M0006');
insert into USERS(Register_id,Name,User_ssn, User_name, User_gender, User_birthday, Password, User_address, User_Phone1, User_Phone2, USER_CODE) values (17,'Elaine','204-65-8449', 'Elaine Varden', 'Female', TO_DATE('12/1/2002','DD-MM-YYYY'), 'hjaFrVMX', 'bfd6:f8c9:be6e:5d24:e65d:5e03:9a7e:6d7e', '+7 697 294 1378', '+86 465 222 6945', 'M0007');
insert into USERS(Register_id,Name,User_ssn, User_name, User_gender, User_birthday, Password, User_address, User_Phone1, User_Phone2, USER_CODE) values (18,'Barn','237-33-9160', 'Barn Trayte', 'Female', TO_DATE('12/8/2011','DD-MM-YYYY'), 'Thb6LA', '5e2e:209c:f6a:552d:da94:5f01:39e4:11ec', '+374 638 986 5731', '+86 561 967 9326', 'M0008');
insert into USERS(Register_id,Name,User_ssn, User_name, User_gender, User_birthday, Password, User_address, User_Phone1, User_Phone2, USER_CODE) values (19,'Antonella','130-01-6930', 'Antonella Askem', 'Female', TO_DATE('11/2/2004','DD-MM-YYYY'), 'Q84rMU', '4604:63c6:5a6a:527a:b8d:54be:5253:cefd', '+62 238 176 7375', '+86 455 982 4278', 'M0009');
insert into USERS(Register_id,Name,User_ssn, User_name, User_gender, User_birthday, Password, User_address, User_Phone1, User_Phone2, USER_CODE) values (20,'Allison','210-71-1462', 'Allison Sturgis', 'Male', TO_DATE('12/8/2017','DD-MM-YYYY'), '5fPcGqyTk', 'dd1:b681:82c5:632c:e978:28ac:107d:9acf', '+880 332 502 8311', '+7 328 364 4953', 'M0010');
insert into USERS(Register_id,Name,User_ssn, User_name, User_gender, User_birthday, Password, User_address, User_Phone1, User_Phone2, USER_CODE) values (21,'Frans','135-69-3555', 'Frans Triner', 'Female', TO_DATE('9/11/2001','DD-MM-YYYY'), 'LclwWk', '1ff9:180f:6bdc:529d:56e2:9ebf:d713:a298', '+7 574 701 0735', '+48 943 312 3211', 'M0011');
insert into USERS(Register_id,Name,User_ssn, User_name, User_gender, User_birthday, Password, User_address, User_Phone1, User_Phone2, USER_CODE) values (22,'Gussie','267-39-8436', 'Gussie Scraggs', 'Male', TO_DATE('3/9/2001','DD-MM-YYYY'), 'j5Xk8ZjUb3', '6e0c:c84c:79fb:5a20:37d6:164a:5a70:992', '+66 565 812 7701', '+357 767 944 8068', 'M0012');
insert into USERS(Register_id,Name,User_ssn, User_name, User_gender, User_birthday, Password, User_address, User_Phone1, User_Phone2, USER_CODE) values (23,'Bill','467-28-8058', 'Bill Spinola', 'Male', TO_DATE('4/1/2013','DD-MM-YYYY'), 'ZsytQa4jFP', '1690:8f71:b6a4:ec79:c15e:276c:e172:ac26', '+63 624 837 9289', '+1 212 494 1601', 'M0013');
insert into USERS(Register_id,Name,User_ssn, User_name, User_gender, User_birthday, Password, User_address, User_Phone1, User_Phone2, USER_CODE) values (24,'Susie','883-95-8305', 'Susie Bruckner', 'Female', TO_DATE('7/11/2008','DD-MM-YYYY'), '9WI4cFnkUOX', '94d7:3e0e:32e1:7afe:d8c5:6bf6:7eef:fd43', '+62 640 750 2132', '+234 346 356 2378', 'M0014');
insert into USERS(Register_id,Name,User_ssn, User_name, User_gender, User_birthday, Password, User_address, User_Phone1, User_Phone2, USER_CODE) values (25,'Jaye','498-94-7385', 'Jaye O''Halligan', 'Female', TO_DATE('6/1/2014','DD-MM-YYYY'), '4vIjeRv', '5a18:9242:8873:e02d:e115:e146:320a:82bc', '+359 967 535 3239', '+62 163 742 5203', 'M0015');

insert into ROLEST(ROLE_ID,ROLE_NAME)values(1,'Admin');
insert into ROLEST(ROLE_ID,ROLE_NAME)values(2,'Receptionist');
insert into ROLEST(ROLE_ID,ROLE_NAME)values(3,'Coach');

insert into staff (Staff_id,Work_shift, manage_id, Register_id, ROLE_ID) values (1, 'morning',null, 1,1);
insert into staff (Staff_id,Work_shift, manage_id, Register_id, ROLE_ID) values (2, 'morning',null, 2,2);
insert into staff (Staff_id,Work_shift, manage_id, Register_id, ROLE_ID) values (3, 'evening',null, 3,2);
insert into staff (Staff_id,Work_shift, manage_id, Register_id, ROLE_ID) values (4, 'evening', 2, 4,2);
insert into staff (Staff_id,Work_shift, manage_id, Register_id, ROLE_ID) values (5, 'evening', 3, 5,3);
insert into staff (Staff_id,Work_shift, manage_id, Register_id, ROLE_ID) values (6, 'evening', 3, 6,3);
insert into staff (Staff_id,Work_shift, manage_id, Register_id, ROLE_ID) values (7, 'morning', 2, 7,3);
insert into staff (Staff_id,Work_shift, manage_id, Register_id, ROLE_ID) values (8, 'morning', 2, 8,3);
insert into staff (Staff_id,Work_shift, manage_id, Register_id, ROLE_ID) values (9, 'morning', 2, 9,3);
insert into staff (Staff_id,Work_shift, manage_id, Register_id, ROLE_ID) values (10, 'morning', 3, 10,3);



insert into staff_Salary (staff_id, staff_Salary, Salary_Date) values (5, 8384.48, TO_DATE('11/12/2020','DD-MM-YYYY'));
insert into staff_Salary (staff_id, staff_Salary, Salary_Date) values (2, 19528.22, TO_DATE('9/10/2016','DD-MM-YYYY'));
insert into staff_Salary (staff_id, staff_Salary, Salary_Date) values (5, 14076.79, TO_DATE('8/11/2020','DD-MM-YYYY'));
insert into staff_Salary (staff_id, staff_Salary, Salary_Date) values (9, 15443.41, TO_DATE('3/10/2020','DD-MM-YYYY'));
insert into staff_Salary (staff_id, staff_Salary, Salary_Date) values (10, 12960.21, TO_DATE('10/5/2020','DD-MM-YYYY'));
insert into staff_Salary (staff_id, staff_Salary, Salary_Date) values (9, 5901.24, TO_DATE('1/8/2018','DD-MM-YYYY'));
insert into staff_Salary (staff_id, staff_Salary, Salary_Date) values (3, 3309.95, TO_DATE('3/2/2016','DD-MM-YYYY'));
insert into staff_Salary (staff_id, staff_Salary, Salary_Date) values (3, 14060.09, TO_DATE('9/12/2021','DD-MM-YYYY'));
insert into staff_Salary (staff_id, staff_Salary, Salary_Date) values (3, 10499.75, TO_DATE('1/12/2021','DD-MM-YYYY'));
insert into staff_Salary (staff_id, staff_Salary, Salary_Date) values (5, 6667.04, TO_DATE('9/12/2018','DD-MM-YYYY'));
insert into staff_Salary (staff_id, staff_Salary, Salary_Date) values (7, 16006.03, TO_DATE('2/6/2021','DD-MM-YYYY'));
insert into staff_Salary (staff_id, staff_Salary, Salary_Date) values (6, 7699.99, TO_DATE('8/8/2016','DD-MM-YYYY'));
insert into staff_Salary (staff_id, staff_Salary, Salary_Date) values (7, 11739.33, TO_DATE('3/1/2018','DD-MM-YYYY'));
insert into staff_Salary (staff_id, staff_Salary, Salary_Date) values (7, 13605.17, TO_DATE('8/2/2017','DD-MM-YYYY'));
insert into staff_Salary (staff_id, staff_Salary, Salary_Date) values (8, 4302.31, TO_DATE('1/3/2021','DD-MM-YYYY'));
insert into staff_Salary (staff_id, staff_Salary, Salary_Date) values (1, 7352.31, TO_DATE('1/1/2019','DD-MM-YYYY'));
insert into staff_Salary (staff_id, staff_Salary, Salary_Date) values (4, 8392.31, TO_DATE('1/7/2016','DD-MM-YYYY'));


insert into Members (Member_id, Member_height, Member_Weight, staff_id, Register_id) values (1, 190.3, 77.35, 9, 11);
insert into Members (Member_id, Member_height, Member_Weight, staff_id, Register_id) values (2, 212.5, 156.53, 8, 12);
insert into Members (Member_id, Member_height, Member_Weight, staff_id, Register_id) values (3, 155.4, 93.49, 6, 13);
insert into Members (Member_id, Member_height, Member_Weight, staff_id, Register_id) values (4, 151.6, 72.68, 8, 14);
insert into Members (Member_id, Member_height, Member_Weight, staff_id, Register_id) values (5, 172.0, 166.0, 7, 15);
insert into Members (Member_id, Member_height, Member_Weight, staff_id, Register_id) values (6, 211.4, 97.66, 7, 16);
insert into Members (Member_id, Member_height, Member_Weight, staff_id, Register_id) values (7, 216.0, 75.16, 9, 17);
insert into Members (Member_id, Member_height, Member_Weight, staff_id, Register_id) values (8, 197.7, 61.56, 7, 18);
insert into Members (Member_id, Member_height, Member_Weight, staff_id, Register_id) values (9, 177.3, 126.03, 9, 19);
insert into Members (Member_id, Member_height, Member_Weight, staff_id, Register_id) values (10, 174.9, 128.4, 6, 20);
insert into Members (Member_id, Member_height, Member_Weight, staff_id, Register_id) values (11, 161.0, 153.71, 9, 21);
insert into Members (Member_id, Member_height, Member_Weight, staff_id, Register_id) values (12, 169.7, 148.32, 6, 22);
insert into Members (Member_id, Member_height, Member_Weight, staff_id, Register_id) values (13, 196.7, 109.88, 6, 23);
insert into Members (Member_id, Member_height, Member_Weight, staff_id, Register_id) values (14, 179.5, 66.42, 6, 24);
insert into Members (Member_id, Member_height, Member_Weight, staff_id, Register_id) values (15, 179.5, 66.42, 7, 25);


insert into Diet (Diet_id,Diet_name,Diet_time_period,Diet_description)values(1,'Juice diet','2 Month','Many juice diets involve abstaining from eating other foods and only drinking juice, while some involve eating particular solid foods as well. The calorie intake is usually very restricted on juice diets. The most extreme juice diets are usually limited to a short period of time – often between three days and one week');
insert into Diet (Diet_id,Diet_name,Diet_time_period,Diet_description)values(2,'Intermittent fasting','4 Month',NULL);
insert into Diet (Diet_id,Diet_name,Diet_time_period,Diet_description)values(3,'Plant - based diet','10 Month',NULL);
insert into Diet (Diet_id,Diet_name,Diet_time_period,Diet_description)values(4,'DASH diet','2 Month',NULL);
insert into Diet (Diet_id,Diet_name,Diet_time_period,Diet_description)values(5,'Atkins diet','5 Month','A low carb diet focuses on limited carbohydrates to help the body burn fat instead of sugar for fuel. This contributes to higher, consistent energy levels ');



insert into packages (package_id,package_name,workout_number,gifts,number_of_invitation,DIET_ID,Discound) values(1,'Bronze',2,'Sauna and Jacuzzi',null,1,10);
insert into packages (package_id,package_name,workout_number,gifts,number_of_invitation,DIET_ID,Discound) values(2,'Silver',3,'Sauna and Jacuzzi',2,1,20);
insert into packages (package_id,package_name,workout_number,gifts,number_of_invitation,DIET_ID,Discound) values(3,'platinum',4,'Sauna and Jacuzzi',3,1,30);
insert into packages (package_id,package_name,workout_number,gifts,number_of_invitation,DIET_ID,Discound) values(4,'Diamond',5,'Sauna and Jacuzzi',5,1,50);


insert into exercise_location (location_id,exercise_location)values(1,'GYM');
insert into exercise_location (location_id,exercise_location)values(2,'HOME');



insert into group_time (group_id,group_name,number_member,schedule,Start_time,end_time)values(1,'first',10,'Sunday',7.00,8.00);
insert into group_time (group_id,group_name,number_member,schedule,Start_time,end_time)values(2,'second',10,'Monday',5.00,6.00);
insert into group_time (group_id,group_name,number_member,schedule,Start_time,end_time)values(3,'third',15,'Monday',3.00,4.00);
insert into group_time (group_id,group_name,number_member,schedule,Start_time,end_time)values(4,'fourth',10,'Tuesday',7.30,8.30);
insert into group_time (group_id,group_name,number_member,schedule,Start_time,end_time)values(5,'Fifth',15,'Wednesday',9.00,10.00);
insert into group_time (group_id,group_name,number_member,schedule,Start_time,end_time)values(6,'Sixth',15,'Thursday',10.00,11.00);


insert into Workouts (workout_id,workouts_name,workouts_price,workouts_description) values(1,'GYM',1800,null);
insert into Workouts (workout_id,workouts_name,workouts_price,workouts_description) values(2,'Fitness',1000,null);
insert into Workouts (workout_id,workouts_name,workouts_price,workouts_description) values(3,'Cardio',900,null);
insert into Workouts (workout_id,workouts_name,workouts_price,workouts_description) values(4,'Yoga',2500,null);
insert into Workouts (workout_id,workouts_name,workouts_price,workouts_description) values(5,'Zumba',1200,null);


insert into exercieses (exercieses_id, exercieses_name, exercieses_time, exercieses_counter, exercieses_video_link, location_id, exercieses_describtion) values (1, 'Lunges', null, 30, 'https://thumbs.gfycat.com/RequiredThinAbalone-mobile.mp4', 1, 'Challenging your balance is an essential part of a well-rounded exercise routine. Lunges do just that, promoting functional movement, while also increasing strength in your legs and glutes.');
insert into exercieses (exercieses_id, exercieses_name, exercieses_time, exercieses_counter, exercieses_video_link, location_id, exercieses_describtion) values (2, 'Pushups', null, 20, 'https://gfycat.com/@healthline', 1, 'Drop and give me 20! Pushups are one of the most basic, yet effective, body weight moves you can perform because of the number of muscles that are recruited to perform them.');
insert into exercieses (exercieses_id, exercieses_name, exercieses_time, exercieses_counter, exercieses_video_link, location_id, exercieses_describtion) values (3, 'Squats', null, 50, 'https://thumbs.gfycat.com/UncommonWelcomeLiger-mobile.mp4',1, 'Squats increase lower body and core strength, as well as flexibility in your lower back and hips. Because they engage some of the largest muscles in the body, they also pack a major punch in terms of calories burned.');
insert into exercieses (exercieses_id, exercieses_name, exercieses_time, exercieses_counter, exercieses_video_link, location_id, exercieses_describtion) values (4, 'Standing overhead dumbbell presses', null, 30, 'https://thumbs.gfycat.com/SilverSilentBangeltiger-mobile.mp4', 1, null);
insert into exercieses (exercieses_id, exercieses_name, exercieses_time, exercieses_counter, exercieses_video_link, location_id, exercieses_describtion) values (5, 'Dumbbell rows', null, 20, 'https://thumbs.gfycat.com/AdvancedBestChrysalis-mobile.mp4', 1, null);
insert into exercieses (exercieses_id, exercieses_name, exercieses_time, exercieses_counter, exercieses_video_link, location_id, exercieses_describtion) values (6, 'Single-leg deadlifts', null, 10, 'https://thumbs.gfycat.com/CriminalMealyGar-mobile.mp4', 1, null);
insert into exercieses (exercieses_id, exercieses_name, exercieses_time, exercieses_counter, exercieses_video_link, location_id, exercieses_describtion) values (7, 'Burpees', null, 50, 'https://thumbs.gfycat.com/FrequentAssuredAnnelid-mobile.mp4', 1, null);
insert into exercieses (exercieses_id, exercieses_name, exercieses_time, exercieses_counter, exercieses_video_link, location_id, exercieses_describtion) values (8, 'Side planks', null, 20, 'https://thumbs.gfycat.com/RingedGleefulCrustacean-mobile.mp4', 1, null);
insert into exercieses (exercieses_id, exercieses_name, exercieses_time, exercieses_counter, exercieses_video_link, location_id, exercieses_describtion) values (9, 'Planks', null, 18, 'https://thumbs.gfycat.com/ClutteredEcstaticFinnishspitz-mobile.mp4', 1, null);
insert into exercieses (exercieses_id, exercieses_name, exercieses_time, exercieses_counter, exercieses_video_link, location_id, exercieses_describtion) values (10, 'Glute bridge', null, 60, 'https://thumbs.gfycat.com/ConcernedPointedHornet-mobile.mp4', 1, 'The glute bridge effectively works your entire posterior chain, which isn’t only good for you, but it will make your booty look perkier as well.');


insert into Progress_Level (level_id,level_name)values(1,'beginner');
insert into Progress_Level (level_id,level_name)values(2,'medium');
insert into Progress_Level (level_id,level_name)values(3,'professional');


insert into exercieses_has_level (exercieses_id,level_id)values(1,2);
insert into exercieses_has_level (exercieses_id,level_id)values(2,1);
insert into exercieses_has_level (exercieses_id,level_id)values(3,3);
insert into exercieses_has_level (exercieses_id,level_id)values(5,1);
insert into exercieses_has_level (exercieses_id,level_id)values(6,1);
insert into exercieses_has_level (exercieses_id,level_id)values(8,3);
insert into exercieses_has_level (exercieses_id,level_id)values(10,2);
insert into exercieses_has_level (exercieses_id,level_id)values(9,1);
insert into exercieses_has_level (exercieses_id,level_id)values(7,2);


insert into invoice_state(invoice_state_id,invoice_state)values(1,'Income');
insert into invoice_state(invoice_state_id,invoice_state)values(2,'Outcome');


insert into invoice_type(invoce_type_id,invoice_type)values(1,'Bill');
insert into invoice_type(invoce_type_id,invoice_type)values(2,'Discount notice');
insert into invoice_type(invoce_type_id,invoice_type)values(3,'Add notice');



insert into membership (Membership_id, start_date, end_date, Membership_period, Membership_price, total_price, member_id, package_id) values (1, TO_DATE('1/3/2021','DD-MM-YYYY'), TO_DATE('1/6/2021','DD-MM-YYYY'), 3, 4300, 12900, 1, null);
insert into membership (Membership_id, start_date, end_date, Membership_period, Membership_price, total_price, member_id, package_id) values (2, TO_DATE('1/9/2021','DD-MM-YYYY'), TO_DATE('1/10/2021','DD-MM-YYYY'), 1, 1800,1800, 2, null);
insert into membership (Membership_id, start_date, end_date, Membership_period, Membership_price, total_price, member_id, package_id) values (3, TO_DATE('1/1/2021','DD-MM-YYYY'), TO_DATE('1/2/2021','DD-MM-YYYY'), 1, 2500, 2500, 3, null);
insert into membership (Membership_id, start_date, end_date, Membership_period, Membership_price, total_price, member_id, package_id) values (4, TO_DATE('1/4/2021','DD-MM-YYYY'), TO_DATE('1/5/2021','DD-MM-YYYY'), 1, 1200, 1200 , 4, null);
insert into membership (Membership_id, start_date, end_date, Membership_period, Membership_price, total_price, member_id, package_id) values (5, TO_DATE('1/2/2021','DD-MM-YYYY'), TO_DATE('1/4/2021','DD-MM-YYYY'), 2, 1800, 1800, 5, null);
insert into membership (Membership_id, start_date, end_date, Membership_period, Membership_price, total_price, member_id, package_id) values (6, TO_DATE('1/1/2021','DD-MM-YYYY'), TO_DATE('1/4/2021','DD-MM-YYYY'), 3, 2500, 7500, 6, null);
insert into membership (Membership_id, start_date, end_date, Membership_period, Membership_price, total_price, member_id, package_id) values (7, TO_DATE('1/10/2021','DD-MM-YYYY'), TO_DATE('1/11/2021','DD-MM-YYYY'), 7, 900, 6300, 7, null);
insert into membership (Membership_id, start_date, end_date, Membership_period, Membership_price, total_price, member_id, package_id) values (8, TO_DATE('1/1/2021','DD-MM-YYYY'), TO_DATE('1/2/2021','DD-MM-YYYY'), 1, 2500, 2500, 8, null);
insert into membership (Membership_id, start_date, end_date, Membership_period, Membership_price, total_price, member_id, package_id) values (9, TO_DATE('1/1/2021','DD-MM-YYYY'), TO_DATE('1/5/2021','DD-MM-YYYY'), 4, 1800, 7200, 9, null);
insert into membership (Membership_id, start_date, end_date, Membership_period, Membership_price, total_price, member_id, package_id) values (10, TO_DATE('1/2/2021','DD-MM-YYYY'), TO_DATE('1/4/2021','DD-MM-YYYY'), 2, 1200, 2400, 10, null);
insert into membership (Membership_id, start_date, end_date, Membership_period, Membership_price, total_price, member_id, package_id) values (11, TO_DATE('1/2/2021','DD-MM-YYYY'), TO_DATE('1/4/2021','DD-MM-YYYY'), 2, 1200, 2400, 11, null);
insert into membership (Membership_id, start_date, end_date, Membership_period, Membership_price, total_price, member_id, package_id) values (12, TO_DATE('1/3/2021','DD-MM-YYYY'), TO_DATE('1/6/2021','DD-MM-YYYY'), 3, 1800, 5400, 12, null);
insert into membership (Membership_id, start_date, end_date, Membership_period, Membership_price, total_price, member_id, package_id) values (13, TO_DATE('1/5/2021','DD-MM-YYYY'), TO_DATE('1/10/2021','DD-MM-YYYY'), 5, 900, 4500, 13, null);
insert into membership (Membership_id, start_date, end_date, Membership_period, Membership_price, total_price, member_id, package_id) values (14, TO_DATE('1/8/2021','DD-MM-YYYY'), TO_DATE('1/11/2021','DD-MM-YYYY'),3, 4300, 12900, 14, null);


insert into Time_Of_Membership(group_id,membership_id)values(1,1);
insert into Time_Of_Membership(group_id,membership_id)values(1,2);
insert into Time_Of_Membership(group_id,membership_id)values(2,3);


insert into WorkoutsInMs(membership_id,workout_id)values(1,1);
insert into WorkoutsInMs(membership_id,workout_id)values(1,4);
insert into WorkoutsInMs(membership_id,workout_id)values(2,1);
insert into WorkoutsInMs(membership_id,workout_id)values(3,4);
insert into WorkoutsInMs(membership_id,workout_id)values(4,5);
insert into WorkoutsInMs(membership_id,workout_id)values(5,1);
insert into WorkoutsInMs(membership_id,workout_id)values(6,4);
insert into WorkoutsInMs(membership_id,workout_id)values(7,3);
insert into WorkoutsInMs(membership_id,workout_id)values(8,4);


insert into Time_OF_Workouts (group_id,workout_id)values(1,4);
insert into Time_OF_Workouts (group_id,workout_id)values(2,5);
insert into Time_OF_Workouts (group_id,workout_id)values(2,3);


insert into workouts_contain_exercises (workout_id,exercieses_id)values(1,2);
insert into workouts_contain_exercises (workout_id,exercieses_id)values(1,1);
insert into workouts_contain_exercises (workout_id,exercieses_id)values(1,3);
insert into workouts_contain_exercises (workout_id,exercieses_id)values(1,4);


insert into inbody (member_id, water_percentage, heart_rate, pressure, muscles, bones, fats, date_of_measure, diet_id) values (1, 41, 97, 147, 33, 68, 100, TO_DATE('1/10/2021','DD-MM-YYYY'), 3);
insert into inbody (member_id, water_percentage, heart_rate, pressure, muscles, bones, fats, date_of_measure, diet_id) values (9, 48, 57, 187, 21, 97, 64, TO_DATE('1/9/2021','DD-MM-YYYY'), 3);
insert into inbody (member_id, water_percentage, heart_rate, pressure, muscles, bones, fats, date_of_measure, diet_id) values (3, 26, 66, 194, 74, 91, 34, TO_DATE('1/9/2021','DD-MM-YYYY'), 2);
insert into inbody (member_id, water_percentage, heart_rate, pressure, muscles, bones, fats, date_of_measure, diet_id) values (2, 87, 41, 161, 77, 45, 43, TO_DATE('1/11/2021','DD-MM-YYYY'), 3);
insert into inbody (member_id, water_percentage, heart_rate, pressure, muscles, bones, fats, date_of_measure, diet_id) values (6, 23, 76, 206, 35, 65, 91, TO_DATE('1/10/2021','DD-MM-YYYY'), 3);
insert into inbody (member_id, water_percentage, heart_rate, pressure, muscles, bones, fats, date_of_measure, diet_id) values (7, 99, 53, 168, 77, 96, 35, TO_DATE('1/11/2021','DD-MM-YYYY'), 3);
insert into inbody (member_id, water_percentage, heart_rate, pressure, muscles, bones, fats, date_of_measure, diet_id) values (5, 91, 89, 198, 96, 75, 41, TO_DATE('1/11/2021','DD-MM-YYYY'), 1);
insert into inbody (member_id, water_percentage, heart_rate, pressure, muscles, bones, fats, date_of_measure, diet_id) values (8, 82, 78, 197, 21, 29, 81, TO_DATE('1/11/2021','DD-MM-YYYY'), 2);
insert into inbody (member_id, water_percentage, heart_rate, pressure, muscles, bones, fats, date_of_measure, diet_id) values (10, 66, 62, 161, 98, 66, 84, TO_DATE('1/9/2021','DD-MM-YYYY'), 3);
insert into inbody (member_id, water_percentage, heart_rate, pressure, muscles, bones, fats, date_of_measure, diet_id) values (4, 33, 77, 175, 50, 86, 40, TO_DATE('1/9/2021','DD-MM-YYYY'), 3);


insert into invoice(invoice_id,invoice_name,invoice_date,invoice_total_price,invoice_state_id,invoce_type_id,reference_invoice_id,membership_id,maintenances_id,Staff_id)values(1,'Participation',TO_DATE('3/1/2021','DD-MM-YYYY'),'12900',1,3,null,1,null,1);
insert into invoice(invoice_id,invoice_name,invoice_date,invoice_total_price,invoice_state_id,invoce_type_id,reference_invoice_id,membership_id,maintenances_id,Staff_id)values(2,'electricity bill',TO_DATE('30/1/2021','DD-MM-YYYY'),'1000',2,1,null,null,null,2);



insert into membership_work_staff (membership_id,staff_id)values(1,1);
insert into membership_work_staff (membership_id,staff_id)values(2,2);
insert into membership_work_staff (membership_id,staff_id)values(3,3);
insert into membership_work_staff (membership_id,staff_id)values(4,4);
insert into membership_work_staff (membership_id,staff_id)values(5,5);
insert into membership_work_staff (membership_id,staff_id)values(6,6);
insert into membership_work_staff (membership_id,staff_id)values(7,7);
insert into membership_work_staff (membership_id,staff_id)values(8,8);
insert into membership_work_staff (membership_id,staff_id)values(9,9);
insert into membership_work_staff (membership_id,staff_id)values(10,10);
insert into membership_work_staff (membership_id,staff_id)values(11,1);
insert into membership_work_staff (membership_id,staff_id)values(12,2);
insert into membership_work_staff (membership_id,staff_id)values(13,3);
insert into membership_work_staff (membership_id,staff_id)values(14,4);


insert into maintenances_name (maintenances_name_id,maintenances_name)values(1,'emergency maintenance');
insert into maintenances_name (maintenances_name_id,maintenances_name)values(2,'Periodic maintenance');
insert into maintenances_name (maintenances_name_id,maintenances_name)values(3,'Preventive maintenance');


insert into equipment(equipment_id,equpment_name,equipment_price,equipment_amount,equipment_total_price,equipment_description)values(1,'Treadmill',5000,2,10000,'Commercial Track Gym Fitness Equipment Self-Powered Treadmill');
insert into equipment(equipment_id,equpment_name,equipment_price,equipment_amount,equipment_total_price,equipment_description)values(2,'HOT Hammer Strength ',10000,3,30000,null);
insert into equipment(equipment_id,equpment_name,equipment_price,equipment_amount,equipment_total_price,equipment_description)values(3,'Spot Goods For BoxingMaster',5100,1,5100,null);
insert into equipment(equipment_id,equpment_name,equipment_price,equipment_amount,equipment_total_price,equipment_description)values(4,'Fitness Equipment Upright Bike',11000,2,22000,null);
insert into equipment(equipment_id,equpment_name,equipment_price,equipment_amount,equipment_total_price,equipment_description)values(5,'Heavy Duty Motorized Commercial Treadmill',6000,4,24000,null);
insert into equipment(equipment_id,equpment_name,equipment_price,equipment_amount,equipment_total_price,equipment_description)values(6,'Fitness Fold Mat ',500,20,10000,null);
insert into equipment(equipment_id,equpment_name,equipment_price,equipment_amount,equipment_total_price,equipment_description)values(7,'Fitness Equipment Upright Bike',11000,2,22000,null);



insert into maintenances(maintenances_id,maintenances_name_id,maintenances_price,maintenances_date,equipment_id,amount)values(1,1,500,TO_DATE('21/01/2021','DD-MM-YYYY'),1,1);
insert into maintenances(maintenances_id,maintenances_name_id,maintenances_price,maintenances_date,equipment_id,amount)values(2,1,800,TO_DATE('30/03/2021','DD-MM-YYYY'),2,1);
insert into maintenances(maintenances_id,maintenances_name_id,maintenances_price,maintenances_date,equipment_id,amount)values(3,2,1500,TO_DATE('20/05/2021','DD-MM-YYYY'),3,1);
insert into maintenances(maintenances_id,maintenances_name_id,maintenances_price,maintenances_date,equipment_id,amount)values(4,2,200,TO_DATE('10/11/2021','DD-MM-YYYY'),6,1);
insert into maintenances(maintenances_id,maintenances_name_id,maintenances_price,maintenances_date,equipment_id,amount)values(5,3,100,TO_DATE('4/12/2021','DD-MM-YYYY'),5,1);



insert into exercises_use_equipment(exercieses_id,equipment_id)values(1,1);
insert into exercises_use_equipment(exercieses_id,equipment_id)values(1,2);
insert into exercises_use_equipment(exercieses_id,equipment_id)values(2,3);
insert into exercises_use_equipment(exercieses_id,equipment_id)values(3,4);
insert into exercises_use_equipment(exercieses_id,equipment_id)values(5,6);
